"STATION","NAME","DATE","TAVG","TMAX","TMIN"
"FR000007150","PARIS LE BOURGET, FR","1938-01","5.6","8.2","3.1"
"FR000007150","PARIS LE BOURGET, FR","1938-02","4.8","8.2","1.4"
"FR000007150","PARIS LE BOURGET, FR","1938-03","10.5","16.0","5.1"
"FR000007150","PARIS LE BOURGET, FR","1938-04","8.7","13.1","4.3"
"FR000007150","PARIS LE BOURGET, FR","1938-05","12.8","17.9","7.7"
"FR000007150","PARIS LE BOURGET, FR","1938-06","18.6","24.4","12.7"
"FR000007150","PARIS LE BOURGET, FR","1938-07","18.5","23.5","13.6"
"FR000007150","PARIS LE BOURGET, FR","1938-08","19.5","24.4","14.7"
"FR000007150","PARIS LE BOURGET, FR","1938-09","16.6","21.1","12.1"
"FR000007150","PARIS LE BOURGET, FR","1938-10","11.5","15.4","7.7"
"FR000007150","PARIS LE BOURGET, FR","1938-11","10.0","12.6","7.3"
"FR000007150","PARIS LE BOURGET, FR","1938-12","2.6","5.1","0.1"
"FR000007150","PARIS LE BOURGET, FR","1939-01","5.9","8.1","3.8"
"FR000007150","PARIS LE BOURGET, FR","1939-02","5.5","9.0","2.1"
"FR000007150","PARIS LE BOURGET, FR","1939-03","6.4","10.0","2.8"
"FR000007150","PARIS LE BOURGET, FR","1939-04","11.7","16.2","7.1"
"FR000007150","PARIS LE BOURGET, FR","1939-05","13.2","18.0","8.3"
"FR000007150","PARIS LE BOURGET, FR","1939-06","18.4","23.7","13.1"
"FR000007150","PARIS LE BOURGET, FR","1939-07","18.0","23.2","12.9"
"FR000007150","PARIS LE BOURGET, FR","1939-08","19.0","23.5","14.4"
"FR000007150","PARIS LE BOURGET, FR","1939-09","16.0","20.4","11.6"
"FR000007150","PARIS LE BOURGET, FR","1939-10","10.1","13.3","6.9"
"FR000007150","PARIS LE BOURGET, FR","1939-11","9.5","12.4","6.6"
"FR000007150","PARIS LE BOURGET, FR","1939-12","2.9","4.9","0.9"
"FR000007150","PARIS LE BOURGET, FR","1940-01","-2.0","1.1","-5.0"
"FR000007150","PARIS LE BOURGET, FR","1940-02","4.6","7.6","1.5"
"FR000007150","PARIS LE BOURGET, FR","1940-03","7.8","12.4","3.2"
"FR000007150","PARIS LE BOURGET, FR","1940-04","10.9","15.1","6.7"
"FR000007150","PARIS LE BOURGET, FR","1940-05","15.5","20.9","10.2"
"FR000007150","PARIS LE BOURGET, FR","1940-06","19.2","24.7","13.6"
"FR000007150","PARIS LE BOURGET, FR","1940-07","18.0","22.9","13.0"
"FR000007150","PARIS LE BOURGET, FR","1940-08","18.1","23.4","12.7"
"FR000007150","PARIS LE BOURGET, FR","1940-09","16.1","20.9","11.2"
"FR000007150","PARIS LE BOURGET, FR","1940-10","10.7","14.6","6.8"
"FR000007150","PARIS LE BOURGET, FR","1940-11","8.0","11.0","5.0"
"FR000007150","PARIS LE BOURGET, FR","1940-12","1.6","3.9","-0.8"
"FR000007150","PARIS LE BOURGET, FR","1941-01","0.1","2.5","-2.3"
"FR000007150","PARIS LE BOURGET, FR","1941-02","4.4","7.4","1.4"
"FR000007150","PARIS LE BOURGET, FR","1941-03","8.3","12.7","3.9"
"FR000007150","PARIS LE BOURGET, FR","1941-04","9.1","13.4","4.8"
"FR000007150","PARIS LE BOURGET, FR","1941-05","11.4","16.4","6.4"
"FR000007150","PARIS LE BOURGET, FR","1941-06","18.6","23.6","13.7"
"FR000007150","PARIS LE BOURGET, FR","1941-07","20.6","26.1","15.1"
"FR000007150","PARIS LE BOURGET, FR","1941-08","17.1","21.5","12.7"
"FR000007150","PARIS LE BOURGET, FR","1941-09","16.7","21.7","11.8"
"FR000007150","PARIS LE BOURGET, FR","1941-10","11.7","15.3","8.2"
"FR000007150","PARIS LE BOURGET, FR","1941-11","6.6","9.5","3.7"
"FR000007150","PARIS LE BOURGET, FR","1941-12","4.7","7.1","2.3"
"FR000007150","PARIS LE BOURGET, FR","1942-01","-0.9","2.0","-3.7"
"FR000007150","PARIS LE BOURGET, FR","1942-02","-1.7","0.6","-4.0"
"FR000007150","PARIS LE BOURGET, FR","1942-03","8.6","12.9","4.4"
"FR000007150","PARIS LE BOURGET, FR","1942-04","12.6","17.7","7.5"
"FR000007150","PARIS LE BOURGET, FR","1942-05","14.4","19.7","9.0"
"FR000007150","PARIS LE BOURGET, FR","1942-06","17.6","23.3","11.9"
"FR000007150","PARIS LE BOURGET, FR","1942-07","18.7","23.4","14.0"
"FR000007150","PARIS LE BOURGET, FR","1942-08","19.8","25.3","14.2"
"FR000007150","PARIS LE BOURGET, FR","1942-09","16.8","21.4","12.1"
"FR000007150","PARIS LE BOURGET, FR","1942-10","13.1","16.3","9.9"
"FR000007150","PARIS LE BOURGET, FR","1942-11","5.8","8.2","3.3"
"FR000007150","PARIS LE BOURGET, FR","1942-12","5.1","7.6","2.6"
"FR000007150","PARIS LE BOURGET, FR","1943-01","5.7","8.4","2.9"
"FR000007150","PARIS LE BOURGET, FR","1943-02","5.6","8.6","2.5"
"FR000007150","PARIS LE BOURGET, FR","1943-03","9.2","14.3","4.1"
"FR000007150","PARIS LE BOURGET, FR","1943-04","13.4","18.5","8.2"
"FR000007150","PARIS LE BOURGET, FR","1943-05","15.6","20.9","10.3"
"FR000007150","PARIS LE BOURGET, FR","1943-06","17.2","22.4","12.0"
"FR000007150","PARIS LE BOURGET, FR","1943-07","20.8","26.6","15.0"
"FR000007150","PARIS LE BOURGET, FR","1943-08","19.2","24.2","14.2"
"FR000007150","PARIS LE BOURGET, FR","1943-09","15.7","20.3","11.1"
"FR000007150","PARIS LE BOURGET, FR","1943-10","12.4","15.7","9.0"
"FR000007150","PARIS LE BOURGET, FR","1943-11","5.9","8.6","3.2"
"FR000007150","PARIS LE BOURGET, FR","1943-12","2.9","4.9","0.8"
"FR000007150","PARIS LE BOURGET, FR","1944-01","5.6","8.4","2.9"
"FR000007150","PARIS LE BOURGET, FR","1944-02","2.1","5.0","-0.8"
"FR000007150","PARIS LE BOURGET, FR","1944-03","5.6","9.8","1.3"
"FR000007150","PARIS LE BOURGET, FR","1944-04","12.6","17.8","7.3"
"FR000007150","PARIS LE BOURGET, FR","1944-05","14.6","20.9","8.3"
"FR000007150","PARIS LE BOURGET, FR","1944-06","16.3","21.4","11.3"
"FR000007150","PARIS LE BOURGET, FR","1944-07","19.4","24.1","14.6"
"FR000007150","PARIS LE BOURGET, FR","1944-08","21.8","27.2","16.4"
"FR000007150","PARIS LE BOURGET, FR","1944-09","15.2","19.4","10.9"
"FR000007150","PARIS LE BOURGET, FR","1944-10","10.4","13.5","7.4"
"FR000007150","PARIS LE BOURGET, FR","1944-11","7.5","10.5","4.6"
"FR000007150","PARIS LE BOURGET, FR","1944-12","3.8","6.0","1.5"
"FR000007150","PARIS LE BOURGET, FR","1945-01","-1.6","1.6","-4.7"
"FR000007150","PARIS LE BOURGET, FR","1945-02","8.2","11.5","4.9"
"FR000007150","PARIS LE BOURGET, FR","1945-03","9.3","13.6","5.0"
"FR000007150","PARIS LE BOURGET, FR","1945-04","13.3","18.7","7.9"
"FR000007150","PARIS LE BOURGET, FR","1945-05","16.6","22.1","11.1"
"FR000007150","PARIS LE BOURGET, FR","1945-06","19.0","24.7","13.3"
"FR000007150","PARIS LE BOURGET, FR","1945-07","20.8","26.9","14.7"
"FR000007150","PARIS LE BOURGET, FR","1945-08","19.2","24.0","14.4"
"FR000007150","PARIS LE BOURGET, FR","1945-09","17.2","21.6","12.8"
"FR000007150","PARIS LE BOURGET, FR","1945-10","13.2","18.0","8.4"
"FR000007150","PARIS LE BOURGET, FR","1945-11","6.4","9.3","3.6"
"FR000007150","PARIS LE BOURGET, FR","1945-12","5.1","7.9","2.4"
"FR000007150","PARIS LE BOURGET, FR","1946-01","0.9","3.7","-1.9"
"FR000007150","PARIS LE BOURGET, FR","1946-02","6.8","9.4","4.3"
"FR000007150","PARIS LE BOURGET, FR","1946-03","7.1","10.9","3.4"
"FR000007150","PARIS LE BOURGET, FR","1946-04","12.5","18.2","6.9"
"FR000007150","PARIS LE BOURGET, FR","1946-05","14.4","19.1","9.7"
"FR000007150","PARIS LE BOURGET, FR","1946-06","16.3","21.4","11.2"
"FR000007150","PARIS LE BOURGET, FR","1946-07","20.0","25.6","14.3"
"FR000007150","PARIS LE BOURGET, FR","1946-08","17.8","22.8","12.8"
"FR000007150","PARIS LE BOURGET, FR","1946-09","17.0","22.1","11.8"
"FR000007150","PARIS LE BOURGET, FR","1946-10","11.2","15.1","7.4"
"FR000007150","PARIS LE BOURGET, FR","1946-11","7.6","10.3","5.0"
"FR000007150","PARIS LE BOURGET, FR","1946-12","1.5","4.0","-0.9"
"FR000007150","PARIS LE BOURGET, FR","1947-01","0.9","3.7","-1.9"
"FR000007150","PARIS LE BOURGET, FR","1947-02","0.3","2.8","-2.2"
"FR000007150","PARIS LE BOURGET, FR","1947-03","7.7","11.8","3.6"
"FR000007150","PARIS LE BOURGET, FR","1947-04","12.8","18.3","7.2"
"FR000007150","PARIS LE BOURGET, FR","1947-05","16.7","22.3","11.0"
"FR000007150","PARIS LE BOURGET, FR","1947-06","19.3","25.1","13.5"
"FR000007150","PARIS LE BOURGET, FR","1947-07","22.1","28.2","16.0"
"FR000007150","PARIS LE BOURGET, FR","1947-08","22.7","28.4","17.0"
"FR000007150","PARIS LE BOURGET, FR","1947-09","19.0","24.4","13.6"
"FR000007150","PARIS LE BOURGET, FR","1947-10","12.6","17.6","7.5"
"FR000007150","PARIS LE BOURGET, FR","1947-11","8.4","11.5","5.3"
"FR000007150","PARIS LE BOURGET, FR","1947-12","5.3","7.5","3.0"
"FR000007150","PARIS LE BOURGET, FR","1948-01","6.7","9.6","3.9"
"FR000007150","PARIS LE BOURGET, FR","1948-02","4.4","7.5","1.4"
"FR000007150","PARIS LE BOURGET, FR","1948-03","10.8","16.3","5.2"
"FR000007150","PARIS LE BOURGET, FR","1948-04","11.5","16.5","6.6"
"FR000007150","PARIS LE BOURGET, FR","1948-05","15.4","20.5","10.4"
"FR000007150","PARIS LE BOURGET, FR","1948-06","16.8","21.4","12.2"
"FR000007150","PARIS LE BOURGET, FR","1948-07","18.3","22.4","14.1"
"FR000007150","PARIS LE BOURGET, FR","1948-08","18.1","22.1","14.1"
"FR000007150","PARIS LE BOURGET, FR","1948-09","15.8","20.4","11.3"
"FR000007150","PARIS LE BOURGET, FR","1948-10","11.3","15.8","6.9"
"FR000007150","PARIS LE BOURGET, FR","1948-11","6.8","10.3","3.4"
"FR000007150","PARIS LE BOURGET, FR","1948-12","4.6","7.2","2.0"
"FR000007150","PARIS LE BOURGET, FR","1949-01","5.5","8.2","2.7"
"FR000007150","PARIS LE BOURGET, FR","1949-02","6.0","9.8","2.3"
"FR000007150","PARIS LE BOURGET, FR","1949-03","6.5","10.5","2.6"
"FR000007150","PARIS LE BOURGET, FR","1949-04","13.4","19.0","7.8"
"FR000007150","PARIS LE BOURGET, FR","1949-05","13.1","17.8","8.4"
"FR000007150","PARIS LE BOURGET, FR","1949-06","17.1","22.5","11.7"
"FR000007150","PARIS LE BOURGET, FR","1949-07","21.5","27.2","15.8"
"FR000007150","PARIS LE BOURGET, FR","1949-08","19.9","24.7","15.1"
"FR000007150","PARIS LE BOURGET, FR","1949-09","19.6","24.0","15.3"
"FR000007150","PARIS LE BOURGET, FR","1949-10","13.6","17.5","9.8"
"FR000007150","PARIS LE BOURGET, FR","1949-11","6.6","9.3","3.8"
"FR000007150","PARIS LE BOURGET, FR","1949-12","5.1","7.6","2.6"
"FR000007150","PARIS LE BOURGET, FR","1950-01","2.9","5.4","0.4"
"FR000007150","PARIS LE BOURGET, FR","1950-02","7.6","11.1","4.1"
"FR000007150","PARIS LE BOURGET, FR","1950-03","8.7","12.8","4.7"
"FR000007150","PARIS LE BOURGET, FR","1950-04","9.7","14.0","5.4"
"FR000007150","PARIS LE BOURGET, FR","1950-05","15.4","20.2","10.5"
"FR000007150","PARIS LE BOURGET, FR","1950-06","20.0","25.0","15.0"
"FR000007150","PARIS LE BOURGET, FR","1950-07","20.5","25.6","15.3"
"FR000007150","PARIS LE BOURGET, FR","1950-08","18.9","23.8","14.1"
"FR000007150","PARIS LE BOURGET, FR","1950-09","14.9","18.4","11.4"
"FR000007150","PARIS LE BOURGET, FR","1950-10","11.3","14.8","7.8"
"FR000007150","PARIS LE BOURGET, FR","1950-11","7.9","10.7","5.1"
"FR000007150","PARIS LE BOURGET, FR","1950-12","0.9","2.9","-1.1"
"FR000007150","PARIS LE BOURGET, FR","1951-01","5.7","8.0","3.4"
"FR000007150","PARIS LE BOURGET, FR","1951-02","5.1","8.1","2.2"
"FR000007150","PARIS LE BOURGET, FR","1951-03","6.6","10.4","2.7"
"FR000007150","PARIS LE BOURGET, FR","1951-04","9.9","14.6","5.2"
"FR000007150","PARIS LE BOURGET, FR","1951-05","12.9","17.1","8.8"
"FR000007150","PARIS LE BOURGET, FR","1951-06","16.7","21.1","12.3"
"FR000007150","PARIS LE BOURGET, FR","1951-07","19.3","24.2","14.4"
"FR000007150","PARIS LE BOURGET, FR","1951-08","17.6","21.8","13.4"
"FR000007150","PARIS LE BOURGET, FR","1951-09","17.0","21.2","12.7"
"FR000007150","PARIS LE BOURGET, FR","1951-10","11.0","14.8","7.2"
"FR000007150","PARIS LE BOURGET, FR","1951-11","9.5","12.5","6.6"
"FR000007150","PARIS LE BOURGET, FR","1951-12","4.8","7.6","1.9"
"FR000007150","PARIS LE BOURGET, FR","1952-01","3.6","6.0","1.2"
"FR000007150","PARIS LE BOURGET, FR","1952-02","3.4","6.0","0.9"
"FR000007150","PARIS LE BOURGET, FR","1952-03","8.6","12.0","5.1"
"FR000007150","PARIS LE BOURGET, FR","1952-04","12.9","18.1","7.8"
"FR000007150","PARIS LE BOURGET, FR","1952-05","16.2","21.3","11.1"
"FR000007150","PARIS LE BOURGET, FR","1952-06","18.4","23.9","12.9"
"FR000007150","PARIS LE BOURGET, FR","1952-07","20.8","26.0","15.7"
"FR000007150","PARIS LE BOURGET, FR","1952-08","19.4","24.0","14.7"
"FR000007150","PARIS LE BOURGET, FR","1952-09","12.9","16.7","9.1"
"FR000007150","PARIS LE BOURGET, FR","1952-10","10.9","14.7","7.1"
"FR000007150","PARIS LE BOURGET, FR","1952-11","5.2","7.8","2.5"
"FR000007150","PARIS LE BOURGET, FR","1952-12","3.6","5.8","1.4"
"FR000007150","PARIS LE BOURGET, FR","1953-01","1.0","2.7","-0.7"
"FR000007150","PARIS LE BOURGET, FR","1953-02","4.0","6.7","1.2"
"FR000007150","PARIS LE BOURGET, FR","1953-03","9.2","14.8","3.5"
"FR000007150","PARIS LE BOURGET, FR","1953-04","11.3","16.4","6.3"
"FR000007150","PARIS LE BOURGET, FR","1953-05","16.1","21.2","11.0"
"FR000007150","PARIS LE BOURGET, FR","1953-06","16.6","21.0","12.2"
"FR000007150","PARIS LE BOURGET, FR","1953-07","18.6","22.9","14.4"
"FR000007150","PARIS LE BOURGET, FR","1953-08","19.8","25.1","14.5"
"FR000007150","PARIS LE BOURGET, FR","1953-09","16.9","22.2","11.5"
"FR000007150","PARIS LE BOURGET, FR","1953-10","12.8","16.4","9.2"
"FR000007150","PARIS LE BOURGET, FR","1953-11","6.4","9.3","3.5"
"FR000007150","PARIS LE BOURGET, FR","1953-12","7.4","10.2","4.7"
"FR000007150","PARIS LE BOURGET, FR","1954-01","1.8","4.5","-0.9"
"FR000007150","PARIS LE BOURGET, FR","1954-02","2.2","5.0","-0.6"
"FR000007150","PARIS LE BOURGET, FR","1954-03","8.7","12.5","4.9"
"FR000007150","PARIS LE BOURGET, FR","1954-04","9.6","14.6","4.6"
"FR000007150","PARIS LE BOURGET, FR","1954-05","14.1","19.0","9.2"
"FR000007150","PARIS LE BOURGET, FR","1954-06","16.8","21.5","12.1"
"FR000007150","PARIS LE BOURGET, FR","1954-07","17.1","21.9","12.3"
"FR000007150","PARIS LE BOURGET, FR","1954-08","17.8","22.4","13.1"
"FR000007150","PARIS LE BOURGET, FR","1954-09","15.6","19.9","11.4"
"FR000007150","PARIS LE BOURGET, FR","1954-10","13.5","18.0","9.0"
"FR000007150","PARIS LE BOURGET, FR","1954-11","8.1","11.6","4.8"
"FR000007150","PARIS LE BOURGET, FR","1954-12","6.8","9.2","4.4"
"FR000007150","PARIS LE BOURGET, FR","1955-01","4.2","7.1","1.4"
"FR000007150","PARIS LE BOURGET, FR","1955-02","3.9","6.4","1.5"
"FR000007150","PARIS LE BOURGET, FR","1955-03","4.8","8.8","0.8"
"FR000007150","PARIS LE BOURGET, FR","1955-04","11.5","16.9","6.1"
"FR000007150","PARIS LE BOURGET, FR","1955-05","13.0","18.0","8.0"
"FR000007150","PARIS LE BOURGET, FR","1955-06","17.2","21.8","12.7"
"FR000007150","PARIS LE BOURGET, FR","1955-07","20.1","24.8","15.4"
"FR000007150","PARIS LE BOURGET, FR","1955-08","19.8","24.8","14.9"
"FR000007150","PARIS LE BOURGET, FR","1955-09","16.2","21.0","11.4"
"FR000007150","PARIS LE BOURGET, FR","1955-10","10.5","14.6","6.5"
"FR000007150","PARIS LE BOURGET, FR","1955-11","7.3","10.8","3.8"
"FR000007150","PARIS LE BOURGET, FR","1955-12","6.7","9.1","4.4"
"FR000007150","PARIS LE BOURGET, FR","1956-01","4.5","7.3","1.7"
"FR000007150","PARIS LE BOURGET, FR","1956-02","-3.5","0.3","-7.2"
"FR000007150","PARIS LE BOURGET, FR","1956-03","8.1","12.7","3.6"
"FR000007150","PARIS LE BOURGET, FR","1956-04","9.0","13.6","4.5"
"FR000007150","PARIS LE BOURGET, FR","1956-05","15.4","20.7","10.2"
"FR000007150","PARIS LE BOURGET, FR","1956-06","14.7","18.6","10.8"
"FR000007150","PARIS LE BOURGET, FR","1956-07","18.5","22.9","14.1"
"FR000007150","PARIS LE BOURGET, FR","1956-08","16.4","21.0","11.8"
"FR000007150","PARIS LE BOURGET, FR","1956-09","17.6","21.9","13.3"
"FR000007150","PARIS LE BOURGET, FR","1956-10","11.2","14.7","7.8"
"FR000007150","PARIS LE BOURGET, FR","1956-11","5.9","8.7","3.1"
"FR000007150","PARIS LE BOURGET, FR","1956-12","6.5","8.4","4.5"
"FR000007150","PARIS LE BOURGET, FR","1957-01","3.6","6.4","0.7"
"FR000007150","PARIS LE BOURGET, FR","1957-02","7.7","11.0","4.5"
"FR000007150","PARIS LE BOURGET, FR","1957-03","11.1","15.5","6.6"
"FR000007150","PARIS LE BOURGET, FR","1957-04","10.6","15.3","6.0"
"FR000007150","PARIS LE BOURGET, FR","1957-05","12.1","16.9","7.4"
"FR000007150","PARIS LE BOURGET, FR","1957-06","18.6","23.9","13.4"
"FR000007150","PARIS LE BOURGET, FR","1957-07","19.7","23.9","15.5"
"FR000007150","PARIS LE BOURGET, FR","1957-08","17.9","22.3","13.5"
"FR000007150","PARIS LE BOURGET, FR","1957-09","15.4","19.4","11.3"
"FR000007150","PARIS LE BOURGET, FR","1957-10","12.1","15.8","8.3"
"FR000007150","PARIS LE BOURGET, FR","1957-11","7.2","9.4","5.0"
"FR000007150","PARIS LE BOURGET, FR","1957-12","4.0","6.4","1.6"
"FR000007150","PARIS LE BOURGET, FR","1958-01","4.6","7.1","2.1"
"FR000007150","PARIS LE BOURGET, FR","1958-02","6.8","10.4","3.3"
"FR000007150","PARIS LE BOURGET, FR","1958-03","5.4","9.1","1.6"
"FR000007150","PARIS LE BOURGET, FR","1958-04","8.9","13.2","4.6"
"FR000007150","PARIS LE BOURGET, FR","1958-05","15.1","19.8","10.4"
"FR000007150","PARIS LE BOURGET, FR","1958-06","16.6","21.2","12.1"
"FR000007150","PARIS LE BOURGET, FR","1958-07","19.0","23.5","14.5"
"FR000007150","PARIS LE BOURGET, FR","1958-08","19.1","23.2","15.0"
"FR000007150","PARIS LE BOURGET, FR","1958-09","18.1","22.3","13.8"
"FR000007150","PARIS LE BOURGET, FR","1958-10","12.4","15.6","9.3"
"FR000007150","PARIS LE BOURGET, FR","1958-11","6.7","8.8","4.6"
"FR000007150","PARIS LE BOURGET, FR","1958-12","5.8","8.1","3.5"
"FR000007150","PARIS LE BOURGET, FR","1959-01","3.6","6.3","0.9"
"FR000007150","PARIS LE BOURGET, FR","1959-02","4.8","8.5","1.0"
"FR000007150","PARIS LE BOURGET, FR","1959-03","9.6","13.6","5.5"
"FR000007150","PARIS LE BOURGET, FR","1959-04","11.7","15.9","7.5"
"FR000007150","PARIS LE BOURGET, FR","1959-05","15.7","20.5","10.8"
"FR000007150","PARIS LE BOURGET, FR","1959-06","18.8","24.1","13.5"
"FR000007150","PARIS LE BOURGET, FR","1959-07","21.9","27.8","16.1"
"FR000007150","PARIS LE BOURGET, FR","1959-08","20.0","24.9","15.1"
"FR000007150","PARIS LE BOURGET, FR","1959-09","19.1","25.1","13.1"
"FR000007150","PARIS LE BOURGET, FR","1959-10","13.8","18.8","8.7"
"FR000007150","PARIS LE BOURGET, FR","1959-11","7.4","9.9","4.9"
"FR000007150","PARIS LE BOURGET, FR","1959-12","6.7","9.1","4.3"
"FR000007150","PARIS LE BOURGET, FR","1960-01","4.5","7.2","1.8"
"FR000007150","PARIS LE BOURGET, FR","1960-02","5.6","8.9","2.3"
"FR000007150","PARIS LE BOURGET, FR","1960-03","9.4","13.4","5.5"
"FR000007150","PARIS LE BOURGET, FR","1960-04","11.0","15.3","6.7"
"FR000007150","PARIS LE BOURGET, FR","1960-05","16.2","21.1","11.3"
"FR000007150","PARIS LE BOURGET, FR","1960-06","18.5","23.3","13.7"
"FR000007150","PARIS LE BOURGET, FR","1960-07","17.4","21.4","13.4"
"FR000007150","PARIS LE BOURGET, FR","1960-08","18.0","22.2","13.8"
"FR000007150","PARIS LE BOURGET, FR","1960-09","15.2","19.3","11.1"
"FR000007150","PARIS LE BOURGET, FR","1960-10","11.9","15.0","8.9"
"FR000007150","PARIS LE BOURGET, FR","1960-11","9.3","11.9","6.7"
"FR000007150","PARIS LE BOURGET, FR","1960-12","3.8","5.8","1.9"
"FR000007150","PARIS LE BOURGET, FR","1961-01","4.1","6.2","1.9"
"FR000007150","PARIS LE BOURGET, FR","1961-02","9.1","12.6","5.6"
"FR000007150","PARIS LE BOURGET, FR","1961-03","10.2","14.6","5.7"
"FR000007150","PARIS LE BOURGET, FR","1961-04","13.6","17.9","9.4"
"FR000007150","PARIS LE BOURGET, FR","1961-05","13.6","18.1","9.0"
"FR000007150","PARIS LE BOURGET, FR","1961-06","17.8","22.6","13.0"
"FR000007150","PARIS LE BOURGET, FR","1961-07","18.6","23.1","14.0"
"FR000007150","PARIS LE BOURGET, FR","1961-08","19.2","24.2","14.2"
"FR000007150","PARIS LE BOURGET, FR","1961-09","19.8","24.8","14.9"
"FR000007150","PARIS LE BOURGET, FR","1961-10","12.7","16.1","9.4"
"FR000007150","PARIS LE BOURGET, FR","1961-11","6.9","9.1","4.6"
"FR000007150","PARIS LE BOURGET, FR","1961-12","4.8","7.6","1.9"
"FR000007150","PARIS LE BOURGET, FR","1962-01","5.8","8.1","3.4"
"FR000007150","PARIS LE BOURGET, FR","1962-02","4.9","7.5","2.3"
"FR000007150","PARIS LE BOURGET, FR","1962-03","4.6","7.8","1.4"
"FR000007150","PARIS LE BOURGET, FR","1962-04","10.1","13.9","6.4"
"FR000007150","PARIS LE BOURGET, FR","1962-05","12.5","16.4","8.6"
"FR000007150","PARIS LE BOURGET, FR","1962-06","16.8","21.8","11.9"
"FR000007150","PARIS LE BOURGET, FR","1962-07","18.1","22.5","13.6"
"FR000007150","PARIS LE BOURGET, FR","1962-08","18.6","23.4","13.7"
"FR000007150","PARIS LE BOURGET, FR","1962-09","15.8","20.2","11.3"
"FR000007150","PARIS LE BOURGET, FR","1962-10","12.6","16.4","8.8"
"FR000007150","PARIS LE BOURGET, FR","1962-11","6.0","8.1","3.9"
"FR000007150","PARIS LE BOURGET, FR","1962-12","1.9","4.7","-0.9"
"FR000007150","PARIS LE BOURGET, FR","1963-01","-1.6","1.0","-4.1"
"FR000007150","PARIS LE BOURGET, FR","1963-02","-0.5","2.3","-3.3"
"FR000007150","PARIS LE BOURGET, FR","1963-03","7.7","11.6","3.8"
"FR000007150","PARIS LE BOURGET, FR","1963-04","10.9","14.8","7.0"
"FR000007150","PARIS LE BOURGET, FR","1963-05","13.1","17.4","8.9"
"FR000007150","PARIS LE BOURGET, FR","1963-06","17.3","21.5","13.2"
"FR000007150","PARIS LE BOURGET, FR","1963-07","19.6","24.3","15.0"
"FR000007150","PARIS LE BOURGET, FR","1963-08","16.9","20.4","13.4"
"FR000007150","PARIS LE BOURGET, FR","1963-09","16.0","19.6","12.3"
"FR000007150","PARIS LE BOURGET, FR","1963-10","12.1","15.4","8.9"
"FR000007150","PARIS LE BOURGET, FR","1963-11","10.4","13.7","7.1"
"FR000007150","PARIS LE BOURGET, FR","1963-12","1.1","3.4","-1.1"
"FR000007150","PARIS LE BOURGET, FR","1964-01","1.7","3.8","-0.5"
"FR000007150","PARIS LE BOURGET, FR","1964-02","6.7","8.7","4.6"
"FR000007150","PARIS LE BOURGET, FR","1964-03","6.2","9.2","3.2"
"FR000007150","PARIS LE BOURGET, FR","1964-04","10.9","14.8","6.9"
"FR000007150","PARIS LE BOURGET, FR","1964-05","16.4","21.2","11.7"
"FR000007150","PARIS LE BOURGET, FR","1964-06","17.8","22.4","13.1"
"FR000007150","PARIS LE BOURGET, FR","1964-07","20.4","25.5","15.4"
"FR000007150","PARIS LE BOURGET, FR","1964-08","19.5","24.2","14.8"
"FR000007150","PARIS LE BOURGET, FR","1964-09","17.9","23.0","12.9"
"FR000007150","PARIS LE BOURGET, FR","1964-10","10.3","13.3","7.3"
"FR000007150","PARIS LE BOURGET, FR","1964-11","7.8","9.9","5.6"
"FR000007150","PARIS LE BOURGET, FR","1964-12","3.5","5.7","1.2"
"FR000007150","PARIS LE BOURGET, FR","1965-01","4.3","6.3","2.3"
"FR000007150","PARIS LE BOURGET, FR","1965-02","2.7","4.9","0.5"
"FR000007150","PARIS LE BOURGET, FR","1965-03","8.1","11.8","4.5"
"FR000007150","PARIS LE BOURGET, FR","1965-04","10.4","14.1","6.7"
"FR000007150","PARIS LE BOURGET, FR","1965-05","14.2","18.1","10.3"
"FR000007150","PARIS LE BOURGET, FR","1965-06","17.5","22.0","13.0"
"FR000007150","PARIS LE BOURGET, FR","1965-07","17.0","20.8","13.3"
"FR000007150","PARIS LE BOURGET, FR","1965-08","18.1","22.6","13.7"
"FR000007150","PARIS LE BOURGET, FR","1965-09","14.5","18.3","10.7"
"FR000007150","PARIS LE BOURGET, FR","1965-10","12.8","17.6","8.1"
"FR000007150","PARIS LE BOURGET, FR","1965-11","6.6","9.3","3.9"
"FR000007150","PARIS LE BOURGET, FR","1965-12","6.8","9.3","4.2"
"FR000007150","PARIS LE BOURGET, FR","1966-01","2.2","4.4","0.0"
"FR000007150","PARIS LE BOURGET, FR","1966-02","9.0","11.7","6.4"
"FR000007150","PARIS LE BOURGET, FR","1966-03","7.8","10.9","4.6"
"FR000007150","PARIS LE BOURGET, FR","1966-04","12.1","16.0","8.2"
"FR000007150","PARIS LE BOURGET, FR","1966-05","14.1","18.2","9.9"
"FR000007150","PARIS LE BOURGET, FR","1966-06","19.0","23.6","14.4"
"FR000007150","PARIS LE BOURGET, FR","1966-07","17.9","21.6","14.2"
"FR000007150","PARIS LE BOURGET, FR","1966-08","18.0","22.4","13.5"
"FR000007150","PARIS LE BOURGET, FR","1966-09","17.1","21.3","12.8"
"FR000007150","PARIS LE BOURGET, FR","1966-10","13.2","15.9","10.4"
"FR000007150","PARIS LE BOURGET, FR","1966-11","5.9","8.2","3.7"
"FR000007150","PARIS LE BOURGET, FR","1966-12","6.6","8.8","4.4"
"FR000007150","PARIS LE BOURGET, FR","1967-01","4.6","6.6","2.5"
"FR000007150","PARIS LE BOURGET, FR","1967-02","7.1","9.9","4.3"
"FR000007150","PARIS LE BOURGET, FR","1967-03","9.0","12.4","5.6"
"FR000007150","PARIS LE BOURGET, FR","1967-04","9.9","14.0","5.8"
"FR000007150","PARIS LE BOURGET, FR","1967-05","13.7","18.0","9.4"
"FR000007150","PARIS LE BOURGET, FR","1967-06","16.7","21.1","12.2"
"FR000007150","PARIS LE BOURGET, FR","1967-07","21.2","26.3","16.2"
"FR000007150","PARIS LE BOURGET, FR","1967-08","18.8","23.0","14.7"
"FR000007150","PARIS LE BOURGET, FR","1967-09","16.2","20.0","12.4"
"FR000007150","PARIS LE BOURGET, FR","1967-10","13.8","17.1","10.6"
"FR000007150","PARIS LE BOURGET, FR","1967-11","7.1","9.5","4.6"
"FR000007150","PARIS LE BOURGET, FR","1967-12","4.1","6.2","2.0"
"FR000007150","PARIS LE BOURGET, FR","1968-01","4.5","7.0","1.9"
"FR000007150","PARIS LE BOURGET, FR","1968-02","4.5","7.0","1.9"
"FR000007150","PARIS LE BOURGET, FR","1968-03","8.2","11.7","4.7"
"FR000007150","PARIS LE BOURGET, FR","1968-04","11.2","15.8","6.6"
"FR000007150","PARIS LE BOURGET, FR","1968-05","12.6","16.1","9.1"
"FR000007150","PARIS LE BOURGET, FR","1968-06","17.1","21.1","13.1"
"FR000007150","PARIS LE BOURGET, FR","1968-07","18.4","22.7","14.1"
"FR000007150","PARIS LE BOURGET, FR","1968-08","18.4","22.2","14.7"
"FR000007150","PARIS LE BOURGET, FR","1968-09","16.2","19.8","12.6"
"FR000007150","PARIS LE BOURGET, FR","1968-10","14.3","17.2","11.4"
"FR000007150","PARIS LE BOURGET, FR","1968-11","6.3","8.8","3.7"
"FR000007150","PARIS LE BOURGET, FR","1968-12","2.5","4.4","0.6"
"FR000007150","PARIS LE BOURGET, FR","1969-01","6.1","8.3","3.9"
"FR000007150","PARIS LE BOURGET, FR","1969-02","3.4","6.1","0.6"
"FR000007150","PARIS LE BOURGET, FR","1969-03","7.6","10.7","4.5"
"FR000007150","PARIS LE BOURGET, FR","1969-04","10.9","14.9","6.9"
"FR000007150","PARIS LE BOURGET, FR","1969-05","14.7","19.3","10.1"
"FR000007150","PARIS LE BOURGET, FR","1969-06","16.6","20.8","12.4"
"FR000007150","PARIS LE BOURGET, FR","1969-07","20.6","25.1","16.1"
"FR000007150","PARIS LE BOURGET, FR","1969-08","19.1","23.2","14.9"
"FR000007150","PARIS LE BOURGET, FR","1969-09","17.3","21.3","13.4"
"FR000007150","PARIS LE BOURGET, FR","1969-10","14.4","18.8","10.1"
"FR000007150","PARIS LE BOURGET, FR","1969-11","7.9","10.4","5.3"
"FR000007150","PARIS LE BOURGET, FR","1969-12","1.5","3.5","-0.5"
"FR000007150","PARIS LE BOURGET, FR","1970-01","4.8","7.0","2.6"
"FR000007150","PARIS LE BOURGET, FR","1970-02","5.2","7.8","2.6"
"FR000007150","PARIS LE BOURGET, FR","1970-03","5.1","7.8","2.5"
"FR000007150","PARIS LE BOURGET, FR","1970-04","8.8","12.0","5.5"
"FR000007150","PARIS LE BOURGET, FR","1970-05","15.0","19.2","10.7"
"FR000007150","PARIS LE BOURGET, FR","1970-06","19.3","23.6","15.0"
"FR000007150","PARIS LE BOURGET, FR","1970-07","18.6","22.9","14.3"
"FR000007150","PARIS LE BOURGET, FR","1970-08","19.3","23.6","15.1"
"FR000007150","PARIS LE BOURGET, FR","1970-09","17.9","22.4","13.4"
"FR000007150","PARIS LE BOURGET, FR","1970-10","12.5","15.5","9.5"
"FR000007150","PARIS LE BOURGET, FR","1970-11","9.4","12.1","6.6"
"FR000007150","PARIS LE BOURGET, FR","1970-12","3.6","5.4","1.8"
"FR000007150","PARIS LE BOURGET, FR","1971-01","4.5","7.1","1.9"
"FR000007150","PARIS LE BOURGET, FR","1971-02","5.7","8.2","3.1"
"FR000007150","PARIS LE BOURGET, FR","1971-03","5.2","8.3","2.0"
"FR000007150","PARIS LE BOURGET, FR","1971-04","12.1","16.9","7.4"
"FR000007150","PARIS LE BOURGET, FR","1971-05","16.2","20.4","12.0"
"FR000007150","PARIS LE BOURGET, FR","1971-06","16.0","19.7","12.4"
"FR000007150","PARIS LE BOURGET, FR","1971-07","20.8","25.6","16.0"
"FR000007150","PARIS LE BOURGET, FR","1971-08","19.1","23.2","15.0"
"FR000007150","PARIS LE BOURGET, FR","1971-09","17.0","21.6","12.3"
"FR000007150","PARIS LE BOURGET, FR","1971-10","13.1","17.8","8.3"
"FR000007150","PARIS LE BOURGET, FR","1971-11","6.5","9.1","3.9"
"FR000007150","PARIS LE BOURGET, FR","1971-12","5.3","7.1","3.5"
"FR000007150","PARIS LE BOURGET, FR","1972-01","3.8","6.0","1.6"
"FR000007150","PARIS LE BOURGET, FR","1972-02","6.3","9.1","3.6"
"FR000007150","PARIS LE BOURGET, FR","1972-03","10.1","14.3","5.9"
"FR000007150","PARIS LE BOURGET, FR","1972-04","10.3","13.4","7.1"
"FR000007150","PARIS LE BOURGET, FR","1972-05","13.1","16.8","9.5"
"FR000007150","PARIS LE BOURGET, FR","1972-06","15.1","19.1","11.1"
"FR000007150","PARIS LE BOURGET, FR","1972-07","19.2","23.3","15.2"
"FR000007150","PARIS LE BOURGET, FR","1972-08","17.9","21.8","14.0"
"FR000007150","PARIS LE BOURGET, FR","1972-09","14.1","17.8","10.5"
"FR000007150","PARIS LE BOURGET, FR","1972-10","11.8","15.8","7.9"
"FR000007150","PARIS LE BOURGET, FR","1972-11","7.9","10.6","5.2"
"FR000007150","PARIS LE BOURGET, FR","1972-12","5.3","7.6","3.0"
"FR000007150","PARIS LE BOURGET, FR","1973-01","4.0","6.0","2.0"
"FR000007150","PARIS LE BOURGET, FR","1973-02","4.4","6.4","2.4"
"FR000007150","PARIS LE BOURGET, FR","1973-03","7.8","12.0","3.6"
"FR000007150","PARIS LE BOURGET, FR","1973-04","9.3","12.7","5.9"
"FR000007150","PARIS LE BOURGET, FR","1973-05","14.5","18.4","10.6"
"FR000007150","PARIS LE BOURGET, FR","1973-06","18.5","22.9","14.2"
"FR000007150","PARIS LE BOURGET, FR","1973-07","18.9","22.7","15.1"
"FR000007150","PARIS LE BOURGET, FR","1973-08","21.5","26.4","16.6"
"FR000007150","PARIS LE BOURGET, FR","1973-09","18.0","22.5","13.5"
"FR000007150","PARIS LE BOURGET, FR","1973-10","11.8","14.9","8.6"
"FR000007150","PARIS LE BOURGET, FR","1973-11","7.4","10.4","4.3"
"FR000007150","PARIS LE BOURGET, FR","1973-12","4.8","7.1","2.6"
"FR000007150","PARIS LE BOURGET, FR","1974-01","7.6","9.9","5.3"
"FR000007150","PARIS LE BOURGET, FR","1974-02","6.3","8.9","3.7"
"FR000007150","PARIS LE BOURGET, FR","1974-03","8.3","10.9","5.7"
"FR000007150","PARIS LE BOURGET, FR","1974-04","11.5","15.8","7.2"
"FR000007150","PARIS LE BOURGET, FR","1974-05","13.7","17.7","9.7"
"FR000007150","PARIS LE BOURGET, FR","1974-06","17.2","21.5","13.0"
"FR000007150","PARIS LE BOURGET, FR","1974-07","18.5","22.9","14.1"
"FR000007150","PARIS LE BOURGET, FR","1974-08","19.7","24.1","15.2"
"FR000007150","PARIS LE BOURGET, FR","1974-09","15.1","18.8","11.5"
"FR000007150","PARIS LE BOURGET, FR","1974-10","8.9","11.1","6.7"
"FR000007150","PARIS LE BOURGET, FR","1974-11","8.5","10.8","6.3"
"FR000007150","PARIS LE BOURGET, FR","1974-12","8.5","10.7","6.3"
"FR000007150","PARIS LE BOURGET, FR","1975-01","7.7","9.8","5.5"
"FR000007150","PARIS LE BOURGET, FR","1975-02","6.9","10.6","3.3"
"FR000007150","PARIS LE BOURGET, FR","1975-03","6.1","8.5","3.8"
"FR000007150","PARIS LE BOURGET, FR","1975-04","10.4","14.1","6.9"
"FR000007150","PARIS LE BOURGET, FR","1975-05","12.9","16.7","9.0"
"FR000007150","PARIS LE BOURGET, FR","1975-06","17.1","21.3","12.9"
"FR000007150","PARIS LE BOURGET, FR","1975-07","20.2","24.6","15.9"
"FR000007150","PARIS LE BOURGET, FR","1975-08","21.8","26.4","17.3"
"FR000007150","PARIS LE BOURGET, FR","1975-09","16.9","20.6","13.3"
"FR000007150","PARIS LE BOURGET, FR","1975-10","10.6","13.4","7.9"
"FR000007150","PARIS LE BOURGET, FR","1975-11","7.4","9.6","5.3"
"FR000007150","PARIS LE BOURGET, FR","1975-12","3.5","5.5","1.5"
"FR000007150","PARIS LE BOURGET, FR","1976-01","5.5","7.5","3.6"
"FR000007150","PARIS LE BOURGET, FR","1976-02","5.6","8.3","2.9"
"FR000007150","PARIS LE BOURGET, FR","1976-03","6.8","10.5","3.1"
"FR000007150","PARIS LE BOURGET, FR","1976-04","10.5","14.8","6.2"
"FR000007150","PARIS LE BOURGET, FR","1976-05","16.1","20.9","11.3"
"FR000007150","PARIS LE BOURGET, FR","1976-06","21.7","26.9","16.4"
"FR000007150","PARIS LE BOURGET, FR","1976-07","22.3","26.9","17.8"
"FR000007150","PARIS LE BOURGET, FR","1976-08","20.9","26.0","15.9"
"FR000007150","PARIS LE BOURGET, FR","1976-09","15.8","19.4","12.1"
"FR000007150","PARIS LE BOURGET, FR","1976-10","13.4","16.2","10.5"
"FR000007150","PARIS LE BOURGET, FR","1976-11","7.6","9.7","5.5"
"FR000007150","PARIS LE BOURGET, FR","1976-12","3.3","5.4","1.1"
"FR000007150","PARIS LE BOURGET, FR","1977-01","4.6","6.4","2.8"
"FR000007150","PARIS LE BOURGET, FR","1977-02","7.5","9.9","5.1"
"FR000007150","PARIS LE BOURGET, FR","1977-03","9.9","13.4","6.3"
"FR000007150","PARIS LE BOURGET, FR","1977-04","9.5","13.3","5.6"
"FR000007150","PARIS LE BOURGET, FR","1977-05","13.7","17.4","10.0"
"FR000007150","PARIS LE BOURGET, FR","1977-06","15.6","19.0","12.3"
"FR000007150","PARIS LE BOURGET, FR","1977-07","18.8","22.3","15.2"
"FR000007150","PARIS LE BOURGET, FR","1977-08","17.9","21.9","13.9"
"FR000007150","PARIS LE BOURGET, FR","1977-09","15.2","19.6","10.8"
"FR000007150","PARIS LE BOURGET, FR","1977-10","14.0","17.0","10.9"
"FR000007150","PARIS LE BOURGET, FR","1977-11","8.0","10.5","5.5"
"FR000007150","PARIS LE BOURGET, FR","1977-12","6.5","8.9","4.1"
"FR000007150","PARIS LE BOURGET, FR","1978-01","3.8","5.8","1.8"
"FR000007150","PARIS LE BOURGET, FR","1978-02","3.8","6.0","1.5"
"FR000007150","PARIS LE BOURGET, FR","1978-03","8.5","11.5","5.5"
"FR000007150","PARIS LE BOURGET, FR","1978-04","9.1","12.6","5.6"
"FR000007150","PARIS LE BOURGET, FR","1978-05","14.0","17.6","10.3"
"FR000007150","PARIS LE BOURGET, FR","1978-06","16.1","19.4","12.7"
"FR000007150","PARIS LE BOURGET, FR","1978-07","17.9","21.4","14.3"
"FR000007150","PARIS LE BOURGET, FR","1978-08","17.5","21.5","13.4"
"FR000007150","PARIS LE BOURGET, FR","1978-09","16.4","20.4","12.4"
"FR000007150","PARIS LE BOURGET, FR","1978-10","13.2","16.6","9.7"
"FR000007150","PARIS LE BOURGET, FR","1978-11","7.0","9.8","4.2"
"FR000007150","PARIS LE BOURGET, FR","1978-12","6.0","8.7","3.4"
"FR000007150","PARIS LE BOURGET, FR","1979-01","-0.2","2.3","-2.6"
"FR000007150","PARIS LE BOURGET, FR","1979-02","3.8","6.2","1.3"
"FR000007150","PARIS LE BOURGET, FR","1979-03","7.2","10.1","4.3"
"FR000007150","PARIS LE BOURGET, FR","1979-04","9.8","13.2","6.4"
"FR000007150","PARIS LE BOURGET, FR","1979-05","13.7","17.6","9.8"
"FR000007150","PARIS LE BOURGET, FR","1979-06","17.4","20.9","13.8"
"FR000007150","PARIS LE BOURGET, FR","1979-07","19.1","23.2","15.0"
"FR000007150","PARIS LE BOURGET, FR","1979-08","17.8","21.6","14.1"
"FR000007150","PARIS LE BOURGET, FR","1979-09","16.6","20.6","12.5"
"FR000007150","PARIS LE BOURGET, FR","1979-10","13.2","15.9","10.4"
"FR000007150","PARIS LE BOURGET, FR","1979-11","7.8","10.4","5.2"
"FR000007150","PARIS LE BOURGET, FR","1979-12","6.8","8.9","4.7"
"FR000007150","PARIS LE BOURGET, FR","1980-01","2.2","4.2","0.1"
"FR000007150","PARIS LE BOURGET, FR","1980-02","7.4","9.9","4.8"
"FR000007150","PARIS LE BOURGET, FR","1980-03","7.1","9.7","4.4"
"FR000007150","PARIS LE BOURGET, FR","1980-04","10.1","13.6","6.7"
"FR000007150","PARIS LE BOURGET, FR","1980-05","13.8","17.8","9.8"
"FR000007150","PARIS LE BOURGET, FR","1980-06","16.3","20.0","12.6"
"FR000007150","PARIS LE BOURGET, FR","1980-07","17.3","20.7","13.9"
"FR000007150","PARIS LE BOURGET, FR","1980-08","19.9","23.6","16.1"
"FR000007150","PARIS LE BOURGET, FR","1980-09","17.8","22.0","13.6"
"FR000007150","PARIS LE BOURGET, FR","1980-10","11.5","14.4","8.5"
"FR000007150","PARIS LE BOURGET, FR","1980-11","6.1","8.4","3.9"
"FR000007150","PARIS LE BOURGET, FR","1980-12","4.3","6.4","2.1"
"FR000007150","PARIS LE BOURGET, FR","1981-01","5.2","7.2","3.1"
"FR000007150","PARIS LE BOURGET, FR","1981-02","3.9","6.7","1.2"
"FR000007150","PARIS LE BOURGET, FR","1981-03","10.9","13.8","8.1"
"FR000007150","PARIS LE BOURGET, FR","1981-04","11.1","14.5","7.7"
"FR000007150","PARIS LE BOURGET, FR","1981-05","14.0","17.4","10.6"
"FR000007150","PARIS LE BOURGET, FR","1981-06","16.5","20.1","13.0"
"FR000007150","PARIS LE BOURGET, FR","1981-07","18.7","22.7","14.7"
"FR000007150","PARIS LE BOURGET, FR","1981-08","19.7","24.2","15.1"
"FR000007150","PARIS LE BOURGET, FR","1981-09","17.0","21.4","12.7"
"FR000007150","PARIS LE BOURGET, FR","1981-10","11.4","14.4","8.5"
"FR000007150","PARIS LE BOURGET, FR","1981-11","8.4","10.7","6.1"
"FR000007150","PARIS LE BOURGET, FR","1981-12","4.6","6.9","2.4"
"FR000007150","PARIS LE BOURGET, FR","1982-01","4.6","7.5","1.8"
"FR000007150","PARIS LE BOURGET, FR","1982-02","6.1","8.8","3.5"
"FR000007150","PARIS LE BOURGET, FR","1982-03","7.9","11.6","4.2"
"FR000007150","PARIS LE BOURGET, FR","1982-04","10.5","14.8","6.1"
"FR000007150","PARIS LE BOURGET, FR","1982-05","15.0","19.4","10.6"
"FR000007150","PARIS LE BOURGET, FR","1982-06","19.2","23.4","15.0"
"FR000007150","PARIS LE BOURGET, FR","1982-07","21.2","25.9","16.4"
"FR000007150","PARIS LE BOURGET, FR","1982-08","18.7","23.0","14.5"
"FR000007150","PARIS LE BOURGET, FR","1982-09","18.8","23.7","14.0"
"FR000007150","PARIS LE BOURGET, FR","1982-10","11.9","14.9","9.0"
"FR000007150","PARIS LE BOURGET, FR","1982-11","9.1","11.6","6.6"
"FR000007150","PARIS LE BOURGET, FR","1982-12","5.6","8.0","3.2"
"FR000007150","PARIS LE BOURGET, FR","1983-01","6.9","9.4","4.4"
"FR000007150","PARIS LE BOURGET, FR","1983-02","3.3","5.9","0.7"
"FR000007150","PARIS LE BOURGET, FR","1983-03","8.4","11.6","5.2"
"FR000007150","PARIS LE BOURGET, FR","1983-04","10.1","14.1","6.1"
"FR000007150","PARIS LE BOURGET, FR","1983-05","12.7","16.6","8.8"
"FR000007150","PARIS LE BOURGET, FR","1983-06","18.9","23.6","14.3"
"FR000007150","PARIS LE BOURGET, FR","1983-07","23.5","28.7","18.3"
"FR000007150","PARIS LE BOURGET, FR","1983-08","20.8","25.6","16.0"
"FR000007150","PARIS LE BOURGET, FR","1983-09","16.7","20.9","12.4"
"FR000007150","PARIS LE BOURGET, FR","1983-10","12.7","16.5","8.8"
"FR000007150","PARIS LE BOURGET, FR","1983-11","8.3","11.6","4.9"
"FR000007150","PARIS LE BOURGET, FR","1983-12","5.4","7.9","2.9"
"FR000007150","PARIS LE BOURGET, FR","1984-01","5.3","7.5","3.1"
"FR000007150","PARIS LE BOURGET, FR","1984-02","4.8","7.3","2.3"
"FR000007150","PARIS LE BOURGET, FR","1984-03","6.5","10.2","2.9"
"FR000007150","PARIS LE BOURGET, FR","1984-04","11.1","15.8","6.5"
"FR000007150","PARIS LE BOURGET, FR","1984-05","11.8","15.3","8.2"
"FR000007150","PARIS LE BOURGET, FR","1984-06","17.5","22.1","13.0"
"FR000007150","PARIS LE BOURGET, FR","1984-07","20.0","25.1","14.8"
"FR000007150","PARIS LE BOURGET, FR","1984-08","19.6","24.0","15.2"
"FR000007150","PARIS LE BOURGET, FR","1984-09","15.3","18.4","12.2"
"FR000007150","PARIS LE BOURGET, FR","1984-10","12.8","15.6","10.0"
"FR000007150","PARIS LE BOURGET, FR","1984-11","10.6","13.5","7.8"
"FR000007150","PARIS LE BOURGET, FR","1984-12","5.7","7.9","3.5"
"FR000007150","PARIS LE BOURGET, FR","1985-01","-0.2","2.4","-2.8"
"FR000007150","PARIS LE BOURGET, FR","1985-02","4.1","7.8","0.3"
"FR000007150","PARIS LE BOURGET, FR","1985-03","6.4","9.6","3.2"
"FR000007150","PARIS LE BOURGET, FR","1985-04","11.4","15.3","7.4"
"FR000007150","PARIS LE BOURGET, FR","1985-05","14.6","18.6","10.7"
"FR000007150","PARIS LE BOURGET, FR","1985-06","16.4","20.5","12.3"
"FR000007150","PARIS LE BOURGET, FR","1985-07","20.2","25.2","15.3"
"FR000007150","PARIS LE BOURGET, FR","1985-08","18.1","22.7","13.5"
"FR000007150","PARIS LE BOURGET, FR","1985-09","18.3","23.3","13.3"
"FR000007150","PARIS LE BOURGET, FR","1985-10","12.5","16.6","8.4"
"FR000007150","PARIS LE BOURGET, FR","1985-11","4.7","7.3","2.1"
"FR000007150","PARIS LE BOURGET, FR","1985-12","6.7","8.9","4.5"
"FR000007150","PARIS LE BOURGET, FR","1986-01","4.7","7.2","2.3"
"FR000007150","PARIS LE BOURGET, FR","1986-02","-1.1","1.4","-3.6"
"FR000007150","PARIS LE BOURGET, FR","1986-03","6.9","10.6","3.3"
"FR000007150","PARIS LE BOURGET, FR","1986-04","8.1","11.5","4.6"
"FR000007150","PARIS LE BOURGET, FR","1986-05","14.9","19.5","10.4"
"FR000007150","PARIS LE BOURGET, FR","1986-06","19.4","24.1","14.7"
"FR000007150","PARIS LE BOURGET, FR","1986-07","19.5","23.9","15.2"
"FR000007150","PARIS LE BOURGET, FR","1986-08","18.2","22.7","13.6"
"FR000007150","PARIS LE BOURGET, FR","1986-09","14.2","18.6","9.8"
"FR000007150","PARIS LE BOURGET, FR","1986-10","14.3","17.8","10.8"
"FR000007150","PARIS LE BOURGET, FR","1986-11","9.2","11.8","6.5"
"FR000007150","PARIS LE BOURGET, FR","1986-12","6.4","8.8","4.1"
"FR000007150","PARIS LE BOURGET, FR","1987-01","-1.4","0.9","-3.6"
"FR000007150","PARIS LE BOURGET, FR","1987-02","4.1","6.2","1.9"
"FR000007150","PARIS LE BOURGET, FR","1987-03","5.5","8.7","2.4"
"FR000007150","PARIS LE BOURGET, FR","1987-04","13.4","17.7","9.2"
"FR000007150","PARIS LE BOURGET, FR","1987-05","12.6","16.6","8.7"
"FR000007150","PARIS LE BOURGET, FR","1987-06","16.1","19.8","12.5"
"FR000007150","PARIS LE BOURGET, FR","1987-07","19.3","23.3","15.4"
"FR000007150","PARIS LE BOURGET, FR","1987-08","19.4","23.7","15.2"
"FR000007150","PARIS LE BOURGET, FR","1987-09","18.6","22.3","14.9"
"FR000007150","PARIS LE BOURGET, FR","1987-10","13.1","16.3","9.9"
"FR000007150","PARIS LE BOURGET, FR","1987-11","7.7","9.8","5.6"
"FR000007150","PARIS LE BOURGET, FR","1987-12","4.9","6.9","2.8"
"FR000007150","PARIS LE BOURGET, FR","1988-01","7.8","10.0","5.5"
"FR000007150","PARIS LE BOURGET, FR","1988-02","6.0","8.7","3.3"
"FR000007150","PARIS LE BOURGET, FR","1988-03","7.9","10.1","5.6"
"FR000007150","PARIS LE BOURGET, FR","1988-04","11.7","15.9","7.6"
"FR000007150","PARIS LE BOURGET, FR","1988-05","15.6","19.5","11.7"
"FR000007150","PARIS LE BOURGET, FR","1988-06","17.4","21.5","13.3"
"FR000007150","PARIS LE BOURGET, FR","1988-07","18.2","22.4","14.1"
"FR000007150","PARIS LE BOURGET, FR","1988-08","19.7","24.3","15.0"
"FR000007150","PARIS LE BOURGET, FR","1988-09","16.1","19.5","12.8"
"FR000007150","PARIS LE BOURGET, FR","1988-10","13.3","16.6","10.0"
"FR000007150","PARIS LE BOURGET, FR","1988-11","7.2","10.3","4.1"
"FR000007150","PARIS LE BOURGET, FR","1988-12","8.2","9.9","6.6"
"FR000007150","PARIS LE BOURGET, FR","1989-01","5.4","8.2","2.7"
"FR000007150","PARIS LE BOURGET, FR","1989-02","6.7","9.8","3.6"
"FR000007150","PARIS LE BOURGET, FR","1989-03","11.0","15.1","6.9"
"FR000007150","PARIS LE BOURGET, FR","1989-04","9.3","12.9","5.8"
"FR000007150","PARIS LE BOURGET, FR","1989-05","17.5","22.9","12.1"
"FR000007150","PARIS LE BOURGET, FR","1989-06","17.9","22.6","13.3"
"FR000007150","PARIS LE BOURGET, FR","1989-07","21.2","26.0","16.4"
"FR000007150","PARIS LE BOURGET, FR","1989-08","20.4","25.2","15.7"
"FR000007150","PARIS LE BOURGET, FR","1989-09","17.8","22.1","13.4"
"FR000007150","PARIS LE BOURGET, FR","1989-10","14.6","18.5","10.8"
"FR000007150","PARIS LE BOURGET, FR","1989-11","7.7","10.9","4.4"
"FR000007150","PARIS LE BOURGET, FR","1989-12","6.0","8.4","3.6"
"FR000007150","PARIS LE BOURGET, FR","1990-01","6.1","8.4","3.8"
"FR000007150","PARIS LE BOURGET, FR","1990-02","10.0","13.6","6.4"
"FR000007150","PARIS LE BOURGET, FR","1990-03","10.3","14.3","6.3"
"FR000007150","PARIS LE BOURGET, FR","1990-04","10.4","14.8","6.1"
"FR000007150","PARIS LE BOURGET, FR","1990-05","17.4","22.6","12.2"
"FR000007150","PARIS LE BOURGET, FR","1990-06","16.7","20.7","12.7"
"FR000007150","PARIS LE BOURGET, FR","1990-07","20.6","25.9","15.3"
"FR000007150","PARIS LE BOURGET, FR","1990-08","22.2","27.3","17.2"
"FR000007150","PARIS LE BOURGET, FR","1990-09","16.1","20.6","11.5"
"FR000007150","PARIS LE BOURGET, FR","1990-10","14.4","18.0","10.7"
"FR000007150","PARIS LE BOURGET, FR","1990-11","8.2","10.5","6.0"
"FR000007150","PARIS LE BOURGET, FR","1990-12","4.6","6.7","2.6"
"FR000007150","PARIS LE BOURGET, FR","1991-01","4.9","7.1","2.7"
"FR000007150","PARIS LE BOURGET, FR","1991-02","2.4","5.4","-0.6"
"FR000007150","PARIS LE BOURGET, FR","1991-03","10.6","13.8","7.5"
"FR000007150","PARIS LE BOURGET, FR","1991-04","10.8","15.1","6.5"
"FR000007150","PARIS LE BOURGET, FR","1991-05","12.9","17.1","8.6"
"FR000007150","PARIS LE BOURGET, FR","1991-06","15.4","19.2","11.5"
"FR000007150","PARIS LE BOURGET, FR","1991-07","20.4","24.8","16.0"
"FR000007150","PARIS LE BOURGET, FR","1991-08","21.6","26.9","16.2"
"FR000007150","PARIS LE BOURGET, FR","1991-09","18.6","23.0","14.2"
"FR000007150","PARIS LE BOURGET, FR","1991-10","11.9","15.2","8.7"
"FR000007150","PARIS LE BOURGET, FR","1991-11","7.2","9.7","4.6"
"FR000007150","PARIS LE BOURGET, FR","1991-12","4.4","6.7","2.1"
"FR000007150","PARIS LE BOURGET, FR","1992-01","3.9","6.3","1.5"
"FR000007150","PARIS LE BOURGET, FR","1992-02","6.2","9.6","2.8"
"FR000007150","PARIS LE BOURGET, FR","1992-03","9.3","12.4","6.2"
"FR000007150","PARIS LE BOURGET, FR","1992-04","10.9","14.9","6.8"
"FR000007150","PARIS LE BOURGET, FR","1992-05","17.0","22.3","11.8"
"FR000007150","PARIS LE BOURGET, FR","1992-06","17.7","21.9","13.6"
"FR000007150","PARIS LE BOURGET, FR","1992-07","20.8","25.5","16.0"
"FR000007150","PARIS LE BOURGET, FR","1992-08","21.1","25.6","16.6"
"FR000007150","PARIS LE BOURGET, FR","1992-09","16.1","20.1","12.0"
"FR000007150","PARIS LE BOURGET, FR","1992-10","10.1","13.1","7.1"
"FR000007150","PARIS LE BOURGET, FR","1992-11","9.7","12.4","7.0"
"FR000007150","PARIS LE BOURGET, FR","1992-12","5.5","7.5","3.4"
"FR000007150","PARIS LE BOURGET, FR","1993-01","7.4","9.9","4.8"
"FR000007150","PARIS LE BOURGET, FR","1993-02","3.9","6.0","1.8"
"FR000007150","PARIS LE BOURGET, FR","1993-03","8.6","12.7","4.6"
"FR000007150","PARIS LE BOURGET, FR","1993-04","12.8","16.9","8.8"
"FR000007150","PARIS LE BOURGET, FR","1993-05","15.7","19.8","11.7"
"FR000007150","PARIS LE BOURGET, FR","1993-06","18.6","23.2","14.1"
"FR000007150","PARIS LE BOURGET, FR","1993-07","18.7","23.0","14.4"
"FR000007150","PARIS LE BOURGET, FR","1993-08","18.9","24.1","13.7"
"FR000007150","PARIS LE BOURGET, FR","1993-09","15.2","18.7","11.7"
"FR000007150","PARIS LE BOURGET, FR","1993-10","10.6","13.1","8.1"
"FR000007150","PARIS LE BOURGET, FR","1993-11","4.6","7.2","2.0"
"FR000007150","PARIS LE BOURGET, FR","1993-12","7.3","9.6","4.9"
"FR000007150","PARIS LE BOURGET, FR","1994-01","6.7","8.7","4.6"
"FR000007150","PARIS LE BOURGET, FR","1994-02","5.8","8.6","3.1"
"FR000007150","PARIS LE BOURGET, FR","1994-03","10.5","14.0","7.0"
"FR000007150","PARIS LE BOURGET, FR","1994-04","10.4","14.2","6.5"
"FR000007150","PARIS LE BOURGET, FR","1994-05","15.1","19.7","10.5"
"FR000007150","PARIS LE BOURGET, FR","1994-06","18.2","22.9","13.4"
"FR000007150","PARIS LE BOURGET, FR","1994-07","23.1","28.3","17.9"
"FR000007150","PARIS LE BOURGET, FR","1994-08","20.1","24.5","15.8"
"FR000007150","PARIS LE BOURGET, FR","1994-09","15.5","19.1","11.9"
"FR000007150","PARIS LE BOURGET, FR","1994-10","12.6","16.5","8.6"
"FR000007150","PARIS LE BOURGET, FR","1994-11","11.9","14.1","9.7"
"FR000007150","PARIS LE BOURGET, FR","1994-12","7.3","9.8","4.8"
"FR000007150","PARIS LE BOURGET, FR","1995-01","6.0","8.7","3.3"
"FR000007150","PARIS LE BOURGET, FR","1995-02","8.8","11.3","6.3"
"FR000007150","PARIS LE BOURGET, FR","1995-03","7.9","11.5","4.2"
"FR000007150","PARIS LE BOURGET, FR","1995-04","10.7","14.1","7.4"
"FR000007150","PARIS LE BOURGET, FR","1995-05","15.3","19.9","10.7"
"FR000007150","PARIS LE BOURGET, FR","1995-06","17.2","21.6","12.7"
"FR000007150","PARIS LE BOURGET, FR","1995-07","22.6","27.6","17.6"
"FR000007150","PARIS LE BOURGET, FR","1995-08","22.3","27.4","17.3"
"FR000007150","PARIS LE BOURGET, FR","1995-09","15.6","19.4","11.8"
"FR000007150","PARIS LE BOURGET, FR","1995-10","15.6","19.5","11.7"
"FR000007150","PARIS LE BOURGET, FR","1995-11","8.4","11.5","5.4"
"FR000007150","PARIS LE BOURGET, FR","1995-12","4.0","6.1","1.9"
"FR000007150","PARIS LE BOURGET, FR","1996-01","4.8","7.0","2.5"
"FR000007150","PARIS LE BOURGET, FR","1996-02","3.4","5.9","1.0"
"FR000007150","PARIS LE BOURGET, FR","1996-03","7.4","11.1","3.7"
"FR000007150","PARIS LE BOURGET, FR","1996-04","11.8","16.5","7.1"
"FR000007150","PARIS LE BOURGET, FR","1996-05","12.7","16.7","8.7"
"FR000007150","PARIS LE BOURGET, FR","1996-06","19.1","24.0","14.1"
"FR000007150","PARIS LE BOURGET, FR","1996-07","19.7","24.7","14.6"
"FR000007150","PARIS LE BOURGET, FR","1996-08","19.7","24.2","15.2"
"FR000007150","PARIS LE BOURGET, FR","1996-09","15.1","19.4","10.7"
"FR000007150","PARIS LE BOURGET, FR","1996-10","12.7","16.2","9.2"
"FR000007150","PARIS LE BOURGET, FR","1996-11","7.6","10.0","5.2"
"FR000007150","PARIS LE BOURGET, FR","1996-12","2.8","4.9","0.8"
"FR000007150","PARIS LE BOURGET, FR","1997-01","1.3","3.7","-1.2"
"FR000007150","PARIS LE BOURGET, FR","1997-02","8.0","11.5","4.5"
"FR000007150","PARIS LE BOURGET, FR","1997-03","11.0","14.7","7.4"
"FR000007150","PARIS LE BOURGET, FR","1997-04","11.3","16.3","6.3"
"FR000007150","PARIS LE BOURGET, FR","1997-05","15.3","20.3","10.4"
"FR000007150","PARIS LE BOURGET, FR","1997-06","17.8","21.7","13.8"
"FR000007150","PARIS LE BOURGET, FR","1997-07","19.7","24.5","14.9"
"FR000007150","PARIS LE BOURGET, FR","1997-08","23.9","29.0","18.9"
"FR000007150","PARIS LE BOURGET, FR","1997-09","18.0","23.4","12.6"
"FR000007150","PARIS LE BOURGET, FR","1997-10","12.7","16.5","8.9"
"FR000007150","PARIS LE BOURGET, FR","1997-11","9.2","11.6","6.9"
"FR000007150","PARIS LE BOURGET, FR","1997-12","6.7","9.1","4.3"
"FR000007150","PARIS LE BOURGET, FR","1998-01","5.8","8.4","3.1"
"FR000007150","PARIS LE BOURGET, FR","1998-02","7.2","10.9","3.5"
"FR000007150","PARIS LE BOURGET, FR","1998-03","9.5","12.9","6.0"
"FR000007150","PARIS LE BOURGET, FR","1998-04","10.5","13.8","7.3"
"FR000007150","PARIS LE BOURGET, FR","1998-05","17.2","22.0","12.3"
"FR000007150","PARIS LE BOURGET, FR","1998-06","18.5","23.4","13.6"
"FR000007150","PARIS LE BOURGET, FR","1998-07","18.7","22.9","14.4"
"FR000007150","PARIS LE BOURGET, FR","1998-08","20.5","26.1","15.0"
"FR000007150","PARIS LE BOURGET, FR","1998-09","16.9","20.9","12.9"
"FR000007150","PARIS LE BOURGET, FR","1998-10","12.3","15.0","9.6"
"FR000007150","PARIS LE BOURGET, FR","1998-11","5.9","8.7","3.1"
"FR000007150","PARIS LE BOURGET, FR","1998-12","6.1","8.3","4.0"
"FR000007150","PARIS LE BOURGET, FR","1999-01","7.0","9.6","4.4"
"FR000007150","PARIS LE BOURGET, FR","1999-02","5.7","8.1","3.2"
"FR000007150","PARIS LE BOURGET, FR","1999-03","9.7","13.3","6.1"
"FR000007150","PARIS LE BOURGET, FR","1999-04","12.4","16.7","8.2"
"FR000007150","PARIS LE BOURGET, FR","1999-05","17.2","21.9","12.5"
"FR000007150","PARIS LE BOURGET, FR","1999-06","17.8","22.3","13.2"
"FR000007150","PARIS LE BOURGET, FR","1999-07","21.8","26.9","16.6"
"FR000007150","PARIS LE BOURGET, FR","1999-08","20.8","25.8","15.7"
"FR000007150","PARIS LE BOURGET, FR","1999-09","19.1","23.5","14.6"
"FR000007150","PARIS LE BOURGET, FR","1999-10","12.6","16.3","8.9"
"FR000007150","PARIS LE BOURGET, FR","1999-11","7.1","9.7","4.4"
"FR000007150","PARIS LE BOURGET, FR","1999-12","6.1","8.5","3.6"
"FR000007150","PARIS LE BOURGET, FR","2000-01","5.1","7.3","2.9"
"FR000007150","PARIS LE BOURGET, FR","2000-02","7.6","10.8","4.5"
"FR000007150","PARIS LE BOURGET, FR","2000-03","9.2","12.8","5.7"
"FR000007150","PARIS LE BOURGET, FR","2000-04","11.4","15.4","7.5"
"FR000007150","PARIS LE BOURGET, FR","2000-05","16.7","21.2","12.1"
"FR000007150","PARIS LE BOURGET, FR","2000-06","18.9","24.0","13.8"
"FR000007150","PARIS LE BOURGET, FR","2000-07","18.3","22.6","13.9"
"FR000007150","PARIS LE BOURGET, FR","2000-08","21.0","26.0","16.0"
"FR000007150","PARIS LE BOURGET, FR","2000-09","17.6","21.7","13.4"
"FR000007150","PARIS LE BOURGET, FR","2000-10","12.7","15.5","9.8"
"FR000007150","PARIS LE BOURGET, FR","2000-11","8.9","11.5","6.3"
"FR000007150","PARIS LE BOURGET, FR","2000-12","7.9","10.1","5.6"
"FR000007150","PARIS LE BOURGET, FR","2002-09",,,
"FR000007150","PARIS LE BOURGET, FR","2003-02",,,
"FR000007150","PARIS LE BOURGET, FR","2003-03",,,
"FR000007150","PARIS LE BOURGET, FR","2003-04",,,
"FR000007150","PARIS LE BOURGET, FR","2003-05",,,
"FR000007150","PARIS LE BOURGET, FR","2003-06",,,
"FR000007150","PARIS LE BOURGET, FR","2003-07",,,
"FR000007150","PARIS LE BOURGET, FR","2003-08",,,
"FR000007150","PARIS LE BOURGET, FR","2003-09",,,
"FR000007150","PARIS LE BOURGET, FR","2003-11",,,
"FR000007150","PARIS LE BOURGET, FR","2004-02",,,
"FR000007150","PARIS LE BOURGET, FR","2004-03",,,
"FR000007150","PARIS LE BOURGET, FR","2004-04",,,
"FR000007150","PARIS LE BOURGET, FR","2004-11",,,
"FR000007150","PARIS LE BOURGET, FR","2004-12",,"6.1",
"FR000007150","PARIS LE BOURGET, FR","2005-01",,,
"FR000007150","PARIS LE BOURGET, FR","2005-02",,"6.0",
"FR000007150","PARIS LE BOURGET, FR","2005-03","8.6","12.4","4.8"
"FR000007150","PARIS LE BOURGET, FR","2005-04","12.2","16.4","8.0"
"FR000007150","PARIS LE BOURGET, FR","2005-05",,"20.2",
"FR000007150","PARIS LE BOURGET, FR","2005-06",,,
"FR000007150","PARIS LE BOURGET, FR","2005-07","20.9","25.4","16.3"
"FR000007150","PARIS LE BOURGET, FR","2005-08","19.6","24.7","14.5"
"FR000007150","PARIS LE BOURGET, FR","2005-09","18.8","23.4","14.1"
"FR000007150","PARIS LE BOURGET, FR","2005-10","15.9","19.5","12.3"
"FR000007150","PARIS LE BOURGET, FR","2005-11",,"10.6",
"FR000007150","PARIS LE BOURGET, FR","2005-12",,"7.2",
"FR000007150","PARIS LE BOURGET, FR","2006-01","3.6","5.9","1.4"
"FR000007150","PARIS LE BOURGET, FR","2006-02",,"6.8",
"FR000007150","PARIS LE BOURGET, FR","2006-03","6.5","10.1","2.9"
"FR000007150","PARIS LE BOURGET, FR","2006-04","11.6","15.7","7.6"
"FR000007150","PARIS LE BOURGET, FR","2006-05","15.8","20.1","11.4"
"FR000007150","PARIS LE BOURGET, FR","2006-06","19.8","25.3","14.4"
"FR000007150","PARIS LE BOURGET, FR","2006-07","24.6","30.5","18.8"
"FR000007150","PARIS LE BOURGET, FR","2006-08",,,
"FR000007150","PARIS LE BOURGET, FR","2006-09","19.7","24.3","15.1"
"FR000007150","PARIS LE BOURGET, FR","2006-10",,"18.8",
"FR000007150","PARIS LE BOURGET, FR","2006-11",,"12.9",
"FR000007150","PARIS LE BOURGET, FR","2006-12",,"8.0",
"FR000007150","PARIS LE BOURGET, FR","2007-01",,"10.4",
"FR000007150","PARIS LE BOURGET, FR","2007-02",,"11.8",
"FR000007150","PARIS LE BOURGET, FR","2007-03","8.9","12.6","5.2"
"FR000007150","PARIS LE BOURGET, FR","2007-04","16.2","22.0","10.4"
"FR000007150","PARIS LE BOURGET, FR","2007-05",,"20.8",
"FR000007150","PARIS LE BOURGET, FR","2007-06","19.0","23.4","14.7"
"FR000007150","PARIS LE BOURGET, FR","2007-07",,"23.7",
"FR000007150","PARIS LE BOURGET, FR","2007-08","18.6","22.9","14.3"
"FR000007150","PARIS LE BOURGET, FR","2007-09",,"20.0",
"FR000007150","PARIS LE BOURGET, FR","2007-10",,"15.5",
"FR000007150","PARIS LE BOURGET, FR","2007-11",,"10.6",
"FR000007150","PARIS LE BOURGET, FR","2007-12","4.7","6.9","2.6"
"FR000007150","PARIS LE BOURGET, FR","2008-01",,"9.6",
"FR000007150","PARIS LE BOURGET, FR","2008-02",,"11.2",
"FR000007150","PARIS LE BOURGET, FR","2008-03",,"11.2",
"FR000007150","PARIS LE BOURGET, FR","2008-04","10.9","15.2","6.5"
"FR000007150","PARIS LE BOURGET, FR","2008-05",,"22.4",
"FR000007150","PARIS LE BOURGET, FR","2008-06","18.6","23.1","14.1"
"FR000007150","PARIS LE BOURGET, FR","2008-07","20.5","25.9","15.2"
"FR000007150","PARIS LE BOURGET, FR","2008-08","19.7","24.1","15.3"
"FR000007150","PARIS LE BOURGET, FR","2008-09","15.4","19.9","10.8"
"FR000007150","PARIS LE BOURGET, FR","2008-10",,"15.6",
"FR000007150","PARIS LE BOURGET, FR","2008-11",,"10.8",
"FR000007150","PARIS LE BOURGET, FR","2008-12",,"6.2",
"FR000007150","PARIS LE BOURGET, FR","2009-01",,"5.0",
"FR000007150","PARIS LE BOURGET, FR","2009-02","5.0","8.2","1.8"
"FR000007150","PARIS LE BOURGET, FR","2009-03","8.5","12.5","4.6"
"FR000007150","PARIS LE BOURGET, FR","2009-04","13.7","18.3","9.0"
"FR000007150","PARIS LE BOURGET, FR","2009-05","16.0","20.9","11.1"
"FR000007150","PARIS LE BOURGET, FR","2009-06","18.2","23.1","13.4"
"FR000007150","PARIS LE BOURGET, FR","2009-07","21.0","26.1","15.8"
"FR000007150","PARIS LE BOURGET, FR","2009-08","22.0","27.9","16.1"
"FR000007150","PARIS LE BOURGET, FR","2009-09","17.7","22.1","13.3"
"FR000007150","PARIS LE BOURGET, FR","2009-10",,"17.1",
"FR000007150","PARIS LE BOURGET, FR","2009-11",,"13.4",
"FR000007150","PARIS LE BOURGET, FR","2009-12",,"7.6",
"FR000007150","PARIS LE BOURGET, FR","2010-01",,"4.2",
"FR000007150","PARIS LE BOURGET, FR","2010-02",,"7.6",
"FR000007150","PARIS LE BOURGET, FR","2010-03","8.4","12.4","4.5"
"FR000007150","PARIS LE BOURGET, FR","2010-04","12.4","17.8","7.1"
"FR000007150","PARIS LE BOURGET, FR","2010-05","14.0","18.3","9.7"
"FR000007150","PARIS LE BOURGET, FR","2010-06","19.6","24.5","14.6"
"FR000007150","PARIS LE BOURGET, FR","2010-07","22.7","28.1","17.4"
"FR000007150","PARIS LE BOURGET, FR","2010-08","19.7","24.1","15.4"
"FR000007150","PARIS LE BOURGET, FR","2010-09","16.5","21.1","11.9"
"FR000007150","PARIS LE BOURGET, FR","2010-10","12.5","16.4","8.7"
"FR000007150","PARIS LE BOURGET, FR","2010-11",,"9.5",
"FR000007150","PARIS LE BOURGET, FR","2010-12",,,
"FR000007150","PARIS LE BOURGET, FR","2011-01",,"7.3",
"FR000007150","PARIS LE BOURGET, FR","2011-02",,"9.8",
"FR000007150","PARIS LE BOURGET, FR","2011-03","10.1","14.6","5.6"
"FR000007150","PARIS LE BOURGET, FR","2011-04","16.1","21.6","10.6"
"FR000007150","PARIS LE BOURGET, FR","2011-05","17.4","23.3","11.4"
"FR000007150","PARIS LE BOURGET, FR","2011-06",,"23.7",
"FR000007150","PARIS LE BOURGET, FR","2011-07","18.8","23.6","14.0"
"FR000007150","PARIS LE BOURGET, FR","2011-08","20.1","24.9","15.2"
"FR000007150","PARIS LE BOURGET, FR","2011-09","19.1","24.0","14.1"
"FR000007150","PARIS LE BOURGET, FR","2011-10",,"18.0",
"FR000007150","PARIS LE BOURGET, FR","2011-11",,"13.4",
"FR000007150","PARIS LE BOURGET, FR","2011-12",,"10.9",
"FR000007150","PARIS LE BOURGET, FR","2012-01",,"9.7",
"FR000007150","PARIS LE BOURGET, FR","2012-02","2.9","6.2","-0.3"
"FR000007150","PARIS LE BOURGET, FR","2012-03","11.8","16.1","7.4"
"FR000007150","PARIS LE BOURGET, FR","2012-04","10.1","14.1","6.1"
"FR000007150","PARIS LE BOURGET, FR","2012-05","16.8","21.8","11.8"
"FR000007150","PARIS LE BOURGET, FR","2012-06","17.9","22.5","13.4"
"FR000007150","PARIS LE BOURGET, FR","2012-07","19.5","24.3","14.7"
"FR000007150","PARIS LE BOURGET, FR","2012-08","21.7","27.4","16.0"
"FR000007150","PARIS LE BOURGET, FR","2012-09",,"21.5",
"FR000007150","PARIS LE BOURGET, FR","2012-10","13.1","16.4","9.8"
"FR000007150","PARIS LE BOURGET, FR","2012-11",,"10.5",
"FR000007150","PARIS LE BOURGET, FR","2012-12",,"9.2",
"FR000007150","PARIS LE BOURGET, FR","2013-01",,"6.2",
"FR000007150","PARIS LE BOURGET, FR","2013-02",,"6.1",
"FR000007150","PARIS LE BOURGET, FR","2013-03",,"9.2",
"FR000007150","PARIS LE BOURGET, FR","2013-04","11.3","16.0","6.5"
"FR000007150","PARIS LE BOURGET, FR","2013-05","13.0","16.9","9.1"
"FR000007150","PARIS LE BOURGET, FR","2013-06","17.7","22.4","13.0"
"FR000007150","PARIS LE BOURGET, FR","2013-07","23.0","28.5","17.5"
"FR000007150","PARIS LE BOURGET, FR","2013-08","20.8","26.1","15.5"
"FR000007150","PARIS LE BOURGET, FR","2013-09","17.7","22.0","13.5"
"FR000007150","PARIS LE BOURGET, FR","2013-10",,"18.0",
"FR000007150","PARIS LE BOURGET, FR","2013-11",,"10.3",
"FR000007150","PARIS LE BOURGET, FR","2013-12",,"9.6",
"FR000007150","PARIS LE BOURGET, FR","2014-01",,"9.9",
"FR000007150","PARIS LE BOURGET, FR","2014-02",,"10.8",
"FR000007150","PARIS LE BOURGET, FR","2014-03","10.9","15.8","6.1"
"FR000007150","PARIS LE BOURGET, FR","2014-04","13.5","18.3","8.8"
"FR000007150","PARIS LE BOURGET, FR","2014-05","14.8","19.5","10.1"
"FR000007150","PARIS LE BOURGET, FR","2014-06","18.9","23.8","14.1"
"FR000007150","PARIS LE BOURGET, FR","2014-07","21.3","26.0","16.6"
"FR000007150","PARIS LE BOURGET, FR","2014-08","18.4","22.8","14.1"
"FR000007150","PARIS LE BOURGET, FR","2014-09","18.9","23.7","14.2"
"FR000007150","PARIS LE BOURGET, FR","2014-10",,"18.8",
"FR000007150","PARIS LE BOURGET, FR","2014-11",,"13.4",
"FR000007150","PARIS LE BOURGET, FR","2014-12",,"8.6",
"FR000007150","PARIS LE BOURGET, FR","2015-01",,"8.1",
"FR000007150","PARIS LE BOURGET, FR","2015-02","4.9","7.8","1.9"
"FR000007150","PARIS LE BOURGET, FR","2015-03",,,
"FR000007150","PARIS LE BOURGET, FR","2015-04","13.4","18.6","8.1"
"FR000007150","PARIS LE BOURGET, FR","2015-05",,"19.9",
"FR000007150","PARIS LE BOURGET, FR","2015-06","19.6","25.7","13.6"
"FR000007150","PARIS LE BOURGET, FR","2015-08","22.0","27.7","16.2"
"FR000007150","PARIS LE BOURGET, FR","2015-09","15.5","19.7","11.2"
"FR000007150","PARIS LE BOURGET, FR","2015-10","12.3","15.6","9.0"
"FR000007150","PARIS LE BOURGET, FR","2015-11",,"14.6",
"FR000007150","PARIS LE BOURGET, FR","2015-12",,"12.8",
"FR000007150","PARIS LE BOURGET, FR","2016-01",,"8.8",
"FR000007150","PARIS LE BOURGET, FR","2016-02",,"9.9",
"FR000007150","PARIS LE BOURGET, FR","2016-03","7.7","11.1","4.4"
"FR000007150","PARIS LE BOURGET, FR","2016-04","10.9","15.4","6.4"
"FR000007150","PARIS LE BOURGET, FR","2016-05","15.5","20.1","10.9"
"FR000007150","PARIS LE BOURGET, FR","2016-06","18.6","22.4","14.9"
"FR000007150","PARIS LE BOURGET, FR","2016-07","21.4","26.3","16.5"
"FR000007150","PARIS LE BOURGET, FR","2016-08","22.1","27.7","16.5"
"FR000007150","PARIS LE BOURGET, FR","2016-09",,"24.3",
"FR000007150","PARIS LE BOURGET, FR","2016-10","12.2","15.8","8.6"
"FR000007150","PARIS LE BOURGET, FR","2016-11",,"11.0",
"FR000007150","PARIS LE BOURGET, FR","2016-12",,"8.2",
"FR000007150","PARIS LE BOURGET, FR","2017-01",,"5.6",
"FR000007150","PARIS LE BOURGET, FR","2017-02",,"11.2",
"FR000007150","PARIS LE BOURGET, FR","2017-03","11.4","15.6","7.3"
"FR000007150","PARIS LE BOURGET, FR","2017-04","11.9","17.0","6.8"
"FR000007150","PARIS LE BOURGET, FR","2017-05",,"21.7",
"FR000007150","PARIS LE BOURGET, FR","2017-06",,"27.1",
"FR000007150","PARIS LE BOURGET, FR","2017-07","21.5","26.6","16.4"
"FR000007150","PARIS LE BOURGET, FR","2017-08","20.5","25.5","15.5"
"FR000007150","PARIS LE BOURGET, FR","2017-09","16.1","20.3","11.9"
"FR000007150","PARIS LE BOURGET, FR","2017-10",,"18.4",
"FR000007150","PARIS LE BOURGET, FR","2017-11",,"11.4",
"FR000007150","PARIS LE BOURGET, FR","2017-12",,,
"FR000007150","PARIS LE BOURGET, FR","2018-01",,"10.5",
"FR000007150","PARIS LE BOURGET, FR","2018-02","2.5","5.4","-0.4"
"FR000007150","PARIS LE BOURGET, FR","2018-03","7.8","11.3","4.3"
"FR000007150","PARIS LE BOURGET, FR","2018-04",,"19.6",
"FR000007150","PARIS LE BOURGET, FR","2018-05","17.6","23.2","11.9"
"FR000007150","PARIS LE BOURGET, FR","2018-06","20.3","25.2","15.4"
